JobID,app_total_time_ms,app_start,app_end,num_concurrent_jobs,total_concurrent_nodes,concurrent_nodes_in_same_group,min_group_ratio,max_group_ratio,avg_group_ratio,user_alloc_dict,user_alloc_dict_trimmed
2997364,381489.3,2025-02-03 12:11:43,2025-02-03 12:32:38,116,9674,4462,0.9453125,1.171875,1.0295138888888888,"{'rzamora_med126_mde': 128, 'tpaul': 128, 'wilson': 320, 'emin': 64, 'jyw': 102, 'kgoc': 140, 'kmonika': 8, 'lzhang23': 968, 'mcamacho': 92, 'vaibhav_016': 64, 'antonka': 30, 'terai': 96, 'mlynch': 1944, 'rbrady': 8, 'detar': 576, 'g7h': 92, 'novarios': 1882, 'dsambit': 300, 'ozier': 2, 'pauljanson002': 20, 'spencermoore': 95, 'mdesco': 20, 'rjmorelock': 170, 'maxidalinger': 30, 'ljin': 512, 'spancer': 50, 'kincaidkc': 12, 'junqi': 4, 'monojoy': 6, 'cql0536': 84, 'sabrina.desoto': 3, 'kringel': 96, 'mjankous': 644, 'cdutra': 116, 'tajinder': 4, 'hyk1997': 8, 'ljh5914': 8, 'glaser': 512, 'mjseneca': 20, 'jmgonza': 4, 'keshprad': 192, 'phdias': 8, 'syamamoto': 102, 'taylorm': 0, 'sokyay': 20, 'cagonzal': 4, 'mpetersen': 4, 'hmwoods': 96}","{'rzamora_med126_mde': 128, 'tpaul': 128, 'wilson': 320, 'emin': 64, 'jyw': 102, 'kgoc': 140, 'lzhang23': 968, 'mcamacho': 92, 'vaibhav_016': 32, 'antonka': 30, 'terai': 96, 'mlynch': 1944, 'rbrady': 8, 'detar': 576, 'g7h': 92, 'novarios': 1882, 'dsambit': 300, 'pauljanson002': 18, 'spencermoore': 95, 'mdesco': 8, 'rjmorelock': 170, 'maxidalinger': 30, 'ljin': 512, 'spancer': 50, 'kincaidkc': 12, 'monojoy': 6, 'cql0536': 84, 'sabrina.desoto': 3, 'kringel': 96, 'mjankous': 644, 'cdutra': 116, 'tajinder': 4, 'hyk1997': 8, 'ljh5914': 8, 'glaser': 512, 'mjseneca': 20, 'jmgonza': 4, 'keshprad': 192, 'phdias': 6, 'taylorm': 0, 'sokyay': 20, 'cagonzal': 4, 'mpetersen': 4, 'hmwoods': 96}"
3018783,380963.39999999997,2025-02-06 12:02:25,2025-02-06 12:08:56,70,9551,1829,1.0703125,1.21875,1.1791666666666667,"{'tpaul': 128, 'wilson': 320, 'ngoav': 200, 'emin': 64, 'rahul29': 825, 'mpw2': 230, 'skhatua': 512, 'terai': 384, 'dvelascogonzalez': 256, 'chulwoo': 288, 'khanakb': 256, 'spencermoore': 95, 'mdesco': 28, 'nkaaz': 2, 'cuw': 12, 'kavanase': 16, 'kgoc': 64, 'arodas': 1926, 'blackst': 256, 'antonka': 30, 'wendyrw': 128, 'tmaier': 200, 'sauetest': 1500, 'langx': 2, 'zcshr0863': 120, 'halx': 2, 'mcamacho': 16, 'vaibhav_016': 192, 'tejasvaidhya': 64, 'htv2008': 3005, 'dcl3nd': 2, 'hyuan': 30, 'noel': 64, 'kurihana': 4, 'jschuchart': 4, 'sbistany': 10, 'ldulac': 96, 'irinarish': 64, 'jfiller4_stf043_mde': 64, 'aaryanbhagat': 64, 'pinaster': 8, 'keshprad': 128, 'sabrina.desoto': 72}","{'tpaul': 128, 'wilson': 320, 'ngoav': 200, 'emin': 64, 'rahul29': 825, 'mpw2': 230, 'skhatua': 512, 'terai': 384, 'dvelascogonzalez': 256, 'chulwoo': 288, 'khanakb': 256, 'spencermoore': 95, 'mdesco': 12, 'nkaaz': 2, 'cuw': 4, 'kgoc': 64, 'arodas': 1926, 'blackst': 256, 'antonka': 30, 'wendyrw': 128, 'tmaier': 200, 'sauetest': 1500, 'langx': 2, 'zcshr0863': 120, 'mcamacho': 16, 'vaibhav_016': 192, 'tejasvaidhya': 64, 'htv2008': 3000, 'hyuan': 30, 'noel': 64, 'jschuchart': 4, 'sbistany': 10, 'ldulac': 96, 'irinarish': 64, 'jfiller4_stf043_mde': 64, 'aaryanbhagat': 64, 'keshprad': 128, 'sabrina.desoto': 72}"
2983632,380320.4,2025-01-29 01:49:57,2025-01-29 02:11:57,60,9705,4651,0.9921875,1.3984375,1.2533783783783783,"{'sschnauck': 96, 'tpaul': 64, 'kgoc': 40, 'syamamoto': 2, 'vaibhav_016': 64, 'nmandell': 15, 'arpans': 2688, 'chulwoo': 16, 'g7h': 92, 'debk': 5654, 'ddv0': 32, 'jyw': 342, 'eromero': 506, 'ljin': 128, 'heehw': 16, 'nkaaz': 20, 'pauljanson002': 2, 'htchen': 108, 'monojoy': 4, 'spencermoore': 48, 'emsi': 30, 'kringel': 16, 'walksloud': 12, 'wuda': 0, 'kurihana': 16, 'keshprad': 128, 'ozier': 2, 'sbistany': 6, 'aaryanbhagat': 32, 'tejasexpress': 32, 'sshanka': 32, 'tejasvaidhya': 64, 'lrknox': 4, 'irinarish': 32, 'acmetest': 4, 'tijmen': 4}","{'sschnauck': 96, 'tpaul': 64, 'vaibhav_016': 64, 'arpans': 2688, 'g7h': 92, 'debk': 5654, 'ddv0': 32, 'jyw': 342, 'eromero': 506, 'ljin': 128, 'nkaaz': 10, 'htchen': 108, 'monojoy': 4, 'spencermoore': 48, 'emsi': 6, 'kringel': 16, 'wuda': 0, 'kurihana': 10, 'keshprad': 128, 'sbistany': 6, 'aaryanbhagat': 32, 'tejasexpress': 32, 'sshanka': 32, 'tejasvaidhya': 64, 'irinarish': 32, 'acmetest': 2, 'tijmen': 2}"
3100712,298619.6,2025-02-26 23:37:59,2025-02-26 23:43:05,72,8062,1067,0.7890625,0.875,0.83359375,"{'gopeshh': 32, 'istabrak': 64, 'arnoldjr': 185, 'fzabaleta': 12, 'bagchi': 501, 'hyk1997': 48, 'rahul29': 450, 'waidmann': 20, 'chulwoo': 16, 'nizar17': 32, 'sschnauck': 34, 'kincaidkc': 8, 'pnathan6': 544, 'dvelascogonzalez': 256, 'brhillman': 2058, '1eh': 200, 'lebars': 100, 'nsaini': 100, 'm4f': 184, 'mcamacho': 94, 'rajan1': 1728, 'tmaier': 200, 'mrieth': 8, 'kavanase': 8, 'syeom': 96, 'pschoenh': 160, 'sfilig': 96, 'maha': 128, 'maxidalinger': 76, 'emin': 64, 'abdulwahab': 200, 'mdesco': 8, 'cosdis': 160, 'thomasmalkus': 60, 'htchen': 20, 'wendyrw': 2, 'vaibhav_016': 64, 'prajwal': 4, 'vsharma5': 8, 'spoole': 32, 'ozier': 2}","{'gopeshh': 32, 'istabrak': 64, 'arnoldjr': 185, 'fzabaleta': 12, 'bagchi': 501, 'hyk1997': 48, 'rahul29': 450, 'waidmann': 18, 'chulwoo': 16, 'nizar17': 32, 'sschnauck': 34, 'pnathan6': 512, 'dvelascogonzalez': 256, 'brhillman': 2058, '1eh': 200, 'lebars': 100, 'nsaini': 100, 'm4f': 184, 'mcamacho': 92, 'rajan1': 1728, 'tmaier': 200, 'kavanase': 8, 'syeom': 96, 'pschoenh': 160, 'sfilig': 96, 'maha': 128, 'maxidalinger': 70, 'emin': 64, 'abdulwahab': 200, 'mdesco': 8, 'cosdis': 160, 'thomasmalkus': 60, 'htchen': 12, 'wendyrw': 2, 'vaibhav_016': 64, 'vsharma5': 8, 'spoole': 32}"
3106731,293411.80000000005,2025-02-27 17:40:34,2025-02-27 17:45:34,98,9106,5797,0.8203125,0.9765625,0.90625,"{'bukjoh': 20, 'hyk1997': 48, 'rahul29': 150, 'fzabaleta': 10, 'nizar17': 32, 'sschnauck': 34, 'pnathan6': 32, 'mliska': 32, 'rjmorelock': 190, 'vishalsu': 32, 'jyw': 90, 'mdesco': 12, 'vwslz': 0, 'waidmann': 5, 'margaridarosa': 228, 'rbrady': 24, 'kavanase': 16, 'pschoenh': 100, 'wendyrw': 4, 'dfytanidis': 30, 'wans': 510, 'maxidalinger': 82, 'kayahan': 768, 'vsharma5': 48, 'ymshi': 12, 'sbistany': 12, 'sabrina.desoto': 72, 'mrieth': 8, 'junqi': 16, 'hyuan': 70, 'tjelly': 240, 'cosdis': 130, 'asharma': 100, 'istabrak': 64, 'candy': 72, 'wuda': 0, 'haoshen.yang': 256, 'ebelli': 384, 'ayushkaushal': 32, 'vie': 581, 'arnoldjr': 13, 'pdoak': 1000, 'keshprad': 256, 'langx': 6, 'dbollweg': 120, 'jmiratsky': 8, 'mcamacho': 92, 'yhuang2': 2}","{'bukjoh': 20, 'hyk1997': 16, 'rahul29': 150, 'fzabaleta': 10, 'sschnauck': 34, 'pnathan6': 32, 'rjmorelock': 190, 'vwslz': 0, 'waidmann': 3, 'margaridarosa': 114, 'rbrady': 8, 'kavanase': 8, 'pschoenh': 100, 'wendyrw': 4, 'wans': 510, 'maxidalinger': 66, 'kayahan': 512, 'vsharma5': 16, 'ymshi': 12, 'sbistany': 6, 'sabrina.desoto': 72, 'mrieth': 8, 'junqi': 16, 'tjelly': 240, 'asharma': 100, 'wuda': 0, 'haoshen.yang': 256, 'ebelli': 384, 'vie': 581, 'arnoldjr': 13, 'pdoak': 1000, 'keshprad': 256, 'langx': 6, 'dbollweg': 120, 'mcamacho': 92}"
2992558,316337.60000000003,2025-02-01 13:00:52,2025-02-01 13:20:53,69,9685,1714,1.03125,1.109375,1.0758928571428572,"{'rzamora_med126_mde': 128, 'chulwoo': 16, 'tpaul': 128, 'emin': 64, 'margaridarosa': 171, 'yanfei': 1184, 'mdesco': 12, 'rahul29': 400, 'khanakb': 256, 'mlynch': 3726, 'irinarish': 80, 'aaryanbhagat': 80, 'tejasvaidhya': 48, 'adebus': 16, 'ddv0': 1120, 'kmonika': 8, 'fzabaleta': 20, 'kgoc': 40, 'kakkapriyesh': 10, 'emsi': 11, 'sschnauck': 32, 'g7h': 92, 'detar': 96, 'tejasexpress': 64, 'rbrady': 8, 'vaibhav_016': 64, 'cuw': 4, 'mjankous': 100, 'shku': 128, 'antonka': 30, 'spencermoore': 95, 'dsambit': 50, 'maxidalinger': 20, 'polunma': 0, 'eromero': 777, 'istabrak': 32, 'dcl3nd': 2, 'mswu': 64, 'keshprad': 128, 'rhankins': 32, 'palashmr': 4, 'txn5176': 40}","{'rzamora_med126_mde': 128, 'tpaul': 128, 'emin': 64, 'margaridarosa': 171, 'yanfei': 1184, 'mdesco': 8, 'rahul29': 400, 'khanakb': 256, 'mlynch': 3726, 'irinarish': 80, 'aaryanbhagat': 48, 'tejasvaidhya': 48, 'adebus': 16, 'ddv0': 1120, 'fzabaleta': 20, 'kgoc': 40, 'kakkapriyesh': 5, 'g7h': 92, 'detar': 96, 'tejasexpress': 64, 'rbrady': 8, 'vaibhav_016': 64, 'mjankous': 100, 'shku': 128, 'spencermoore': 95, 'dsambit': 50, 'maxidalinger': 20, 'polunma': 0, 'eromero': 777, 'istabrak': 32, 'dcl3nd': 2, 'mswu': 64, 'keshprad': 128, 'rhankins': 32, 'palashmr': 4, 'txn5176': 40}"
2989986,316828.8,2025-01-31 02:38:26,2025-01-31 02:58:05,48,9725,3499,0.890625,1.0,0.9765625,"{'rzamora_med126_mde': 128, 'kgoc': 40, 'junsik': 432, 'rajan1': 432, 'skim53': 164, 'syamamoto': 2, 'sshanka': 8, 'mdesco': 4, 'pauljanson002': 2, 'jyc': 8, 'thickling': 42, 'wendyrw': 3, 'emsi': 11, 'arpans': 2496, 'debk': 3769, 'tdk23': 12, 'tajinder': 4, 'chulwoo': 32, 'ozier': 2, 'heehw': 32, 'anikat1': 8, 'novarios': 1882, 'kmonika': 8, 'morning': 8, 'maxidalinger': 10, 'fzabaleta': 8, 'lhatashita3': 4, 'handih': 3, 'tejasexpress': 32, 'vaibhav_016': 32, 'keshprad': 8, 'langx': 22, 'cdutra': 30, 'aaryanbhagat': 32, 'kakkapriyesh': 5, 'tejasvaidhya': 32, 'lrknox': 2, 'acmetest': 2}","{'rzamora_med126_mde': 128, 'kgoc': 40, 'junsik': 432, 'rajan1': 432, 'skim53': 164, 'sshanka': 8, 'mdesco': 4, 'pauljanson002': 2, 'thickling': 42, 'arpans': 2496, 'debk': 3769, 'tdk23': 12, 'heehw': 32, 'novarios': 1882, 'morning': 8, 'maxidalinger': 10, 'fzabaleta': 8, 'handih': 3, 'tejasexpress': 32, 'vaibhav_016': 32, 'keshprad': 8, 'aaryanbhagat': 32, 'tejasvaidhya': 32, 'lrknox': 2, 'acmetest': 2}"
2973842,321563.0,2025-01-25 02:50:50,2025-01-25 03:10:47,37,9706,4246,1.0859375,1.21875,1.158547794117647,"{'rzamora_med126_mde': 128, 'emin': 64, 'gopeshh': 32, 'syamamoto': 2, 'sonchac': 32, 'chulwoo': 4, 'rahul29': 335, 'eromero': 4048, 'langx': 8, 'scf2157': 8, 'vaibhav_016': 64, 'debk': 5749, 'kakkapriyesh': 5, 'walksloud': 12, 'cuw': 4, 'lukedaq': 48, 'keshprad': 64, 'mdesco': 6, 'tejasvaidhya': 64, 'istabrak': 32, 'sohailt': 2, 'acmetest': 8, 'khalids': 16}","{'rzamora_med126_mde': 128, 'emin': 64, 'sonchac': 32, 'rahul29': 335, 'eromero': 4048, 'vaibhav_016': 32, 'debk': 5749, 'walksloud': 12, 'cuw': 4, 'lukedaq': 48, 'keshprad': 64, 'mdesco': 4, 'tejasvaidhya': 64, 'istabrak': 32, 'acmetest': 8, 'khalids': 16}"
2975294,382391.5,2025-01-26 06:28:07,2025-01-26 06:49:22,29,9680,4346,0.984375,1.375,1.2763392857142857,"{'kgoc': 80, 'sschnauck': 32, 'fzabaleta': 16, 'chulwoo': 4, 'gopeshh': 32, 'jubchoi': 64, 'emsi': 9, 'mjseneca': 14, 'eromero': 1503, 'sauetest': 2000, 'ridul': 1882, 'glaser': 256, 'hsu_andy': 2016, 'debk': 3769, 'wuda': 338, 'walksloud': 12, 'aaryanbhagat': 64, 'tejasvaidhya': 64, 'irinarish': 64, 'mhategan': 6}","{'sschnauck': 32, 'fzabaleta': 16, 'gopeshh': 32, 'jubchoi': 64, 'emsi': 9, 'eromero': 1503, 'sauetest': 2000, 'ridul': 1882, 'glaser': 256, 'hsu_andy': 2016, 'debk': 3769, 'wuda': 338, 'aaryanbhagat': 64, 'tejasvaidhya': 64, 'irinarish': 64, 'mhategan': 6}"
2977015,318244.8,2025-01-27 00:31:40,2025-01-27 00:51:27,61,9700,1330,1.2734375,1.5078125,1.4154829545454546,"{'rzamora_med126_mde': 128, 'chulwoo': 16, 'irinarish': 32, 'tejasexpress': 96, 'rahul29': 240, 'skhatua': 512, 'sschnauck': 16, 'kakkapriyesh': 10, 'kgoc': 40, 'sshanka': 32, 'gopeshh': 32, 'jhammer': 64, 'rajan1': 432, 'emsi': 12, 'nizar17': 32, 'kartickr': 24, 'eromero': 1511, 'zhangp': 11, 'mjseneca': 14, 'debk': 9518, 'mdesco': 16, 'mpw2': 40, 'asthana': 16, 'pauljanson002': 2, 'lukedaq': 48, 'xf9': 4, 'tejasvaidhya': 64, 'jdtun': 42, 'wuda': 1690, 'maxidalinger': 6, 'vaibhav_016': 32, 'shku': 48, 'glaser': 112, 'acmetest': 6, 'jahatef': 2}","{'rzamora_med126_mde': 128, 'irinarish': 32, 'tejasexpress': 96, 'rahul29': 240, 'skhatua': 512, 'sschnauck': 16, 'sshanka': 32, 'gopeshh': 32, 'jhammer': 64, 'rajan1': 432, 'emsi': 12, 'nizar17': 32, 'kartickr': 24, 'eromero': 1511, 'zhangp': 11, 'mjseneca': 14, 'debk': 9518, 'mdesco': 12, 'mpw2': 40, 'pauljanson002': 2, 'lukedaq': 48, 'tejasvaidhya': 64, 'jdtun': 42, 'wuda': 1690, 'vaibhav_016': 32, 'shku': 48, 'glaser': 112, 'acmetest': 6, 'jahatef': 2}"
3040654,313184.1,2025-02-13 12:11:41,2025-02-13 12:17:07,43,9732,3476,0.8828125,0.9921875,0.9701450892857143,"{'emin': 64, 'istabrak': 64, 'vishalsu': 32, 'skhatua': 512, 'kavanase': 16, 'nkaaz': 2, 'yanfei': 1184, 'rayasare': 207, 'lzhang23': 968, 'dvelascogonzalez': 256, 'pnathan6': 256, 'tmaier': 200, 'ahmed97': 400, 'kayahan': 3072, 'brhillman': 2058, 'mjseneca': 20, 'rahul29': 70, 'palashmr': 4, 'kakkapriyesh': 10, 'rbrady': 8, 'zingale': 32, 'wendyrw': 2, 'naughton': 2, 'hyuan': 100, 'aflorenzon': 32, 'sbistany': 6, 'sreejith': 32, 'bikash': 32, 'cuw': 8, 'tejasvaidhya': 64, 'junqi': 16, 'nafinm': 2, 'ghu4': 2}","{'emin': 64, 'istabrak': 64, 'vishalsu': 32, 'skhatua': 512, 'kavanase': 16, 'nkaaz': 2, 'yanfei': 1184, 'rayasare': 207, 'lzhang23': 968, 'dvelascogonzalez': 256, 'pnathan6': 256, 'tmaier': 200, 'ahmed97': 400, 'kayahan': 3072, 'brhillman': 2058, 'mjseneca': 20, 'rahul29': 70, 'palashmr': 4, 'kakkapriyesh': 10, 'rbrady': 8, 'zingale': 32, 'wendyrw': 2, 'naughton': 2, 'hyuan': 100, 'aflorenzon': 32, 'sbistany': 6, 'sreejith': 32, 'bikash': 32, 'cuw': 8, 'tejasvaidhya': 64, 'junqi': 16, 'nafinm': 2, 'ghu4': 2}"
2974786,457419.69999999995,2025-01-25 16:50:08,2025-01-25 17:13:10,42,9681,5503,0.9765625,1.25,1.1024502840909092,"{'kgoc': 40, 'emin': 64, 'aaryanbhagat': 96, 'margaridarosa': 114, 'syamamoto': 2, 'sschnauck': 50, 'istabrak': 34, 'tpaul': 64, 'kakkapriyesh': 10, 'chulwoo': 2, 'arpans': 192, 'gopeshh': 32, 'emsi': 9, 'htchen': 27, 'lukedaq': 48, 'junqi': 84, 'debk': 4269, 'eromero': 2505, 'tejasexpress': 64, 'novarios': 1882, 'irinarish': 64, 'wendyrw': 3, 'tejasvaidhya': 64, 'dvelascogonzalez': 512, 'shku': 48, 'keshprad': 80, 'vaibhav_016': 32, 'sshanka': 16, 'glaser': 256}","{'emin': 64, 'aaryanbhagat': 96, 'margaridarosa': 114, 'syamamoto': 2, 'sschnauck': 50, 'istabrak': 2, 'tpaul': 64, 'kakkapriyesh': 5, 'chulwoo': 2, 'arpans': 192, 'gopeshh': 32, 'emsi': 9, 'htchen': 27, 'lukedaq': 48, 'junqi': 84, 'debk': 4269, 'eromero': 2505, 'tejasexpress': 64, 'novarios': 1882, 'irinarish': 64, 'wendyrw': 3, 'tejasvaidhya': 64, 'dvelascogonzalez': 512, 'shku': 48, 'keshprad': 80, 'vaibhav_016': 32, 'glaser': 256}"
3053696,378514.2,2025-02-16 12:24:03,2025-02-16 12:30:33,57,9721,5400,0.890625,1.015625,1.0003633720930232,"{'rzamora_med126_mde': 128, 'ngoav': 200, 'istabrak': 64, 'sohailt': 300, 'mdriemer': 64, 'waidmann': 3, 'liangstein': 200, 'lhatashita3': 32, 'vishalsu': 16, 'jorikstoop': 3, 'kakkapriyesh': 10, 'deveshawasthi10': 184, 'syamamoto': 6, 'fagbemisa': 100, 'hyk1997': 8, 'rahul29': 100, 'doraemonho': 512, 'mvansch': 300, 'rayasare': 973, 'amalbavera': 512, 'vaibhav_016': 96, 'cosdis': 180, 'maxidalinger': 86, 'coen': 300, 'wendyrw': 2, 'dsambit': 150, 'tejasvaidhya': 64, 'kavanase': 50, 'tdk23': 8, 'keshprad': 64, 'sreejith': 32}","{'rzamora_med126_mde': 128, 'ngoav': 200, 'istabrak': 64, 'sohailt': 300, 'mdriemer': 64, 'liangstein': 200, 'vishalsu': 16, 'deveshawasthi10': 184, 'syamamoto': 6, 'fagbemisa': 100, 'hyk1997': 8, 'rahul29': 100, 'doraemonho': 512, 'mvansch': 300, 'rayasare': 973, 'amalbavera': 512, 'vaibhav_016': 32, 'cosdis': 180, 'maxidalinger': 56, 'coen': 300, 'wendyrw': 2, 'dsambit': 150, 'kavanase': 50, 'tdk23': 8, 'keshprad': 64, 'sreejith': 32}"
2967872,381674.69999999995,2025-01-23 17:39:52,2025-01-23 17:46:22,47,9677,5240,0.953125,1.125,1.0533854166666667,"{'emin': 64, 'sshanka': 24, 'jubchoi': 64, 'gopeshh': 32, 'eromero': 1517, 'arpans': 192, 'mlynch': 324, 'fikret': 4, 'cuw': 4, 'debk': 1885, 'jyw': 10, 'dcl3nd': 2, 'walksloud': 12, 'anikat1': 8, 'jmgonza': 2500, 'rayasare': 2460, 'kakkapriyesh': 10, 'jfiller4': 192, 'lukedaq': 48, 'emsi': 6, 'aaryanbhagat': 64, 'keshprad': 144, 'irinarish': 64, 'tejasvaidhya': 64, 'tejasexpress': 64, 'sschnauck': 18, 'xf9': 2, 'rahul29': 300, 'hanby': 9, 'nkouk': 16, 'kurihana': 2, 'gounley1_med116_mde': 64, 'bharathrn': 23, 'sauetest': 6, 'aflorenzon': 4, 'mpetersen': 4}","{'emin': 64, 'sshanka': 24, 'jubchoi': 64, 'gopeshh': 32, 'eromero': 1517, 'arpans': 192, 'mlynch': 324, 'fikret': 4, 'debk': 1885, 'jyw': 10, 'walksloud': 12, 'jmgonza': 2500, 'rayasare': 2460, 'kakkapriyesh': 10, 'jfiller4': 192, 'lukedaq': 48, 'emsi': 6, 'aaryanbhagat': 64, 'keshprad': 144, 'irinarish': 64, 'tejasvaidhya': 64, 'tejasexpress': 64, 'sschnauck': 18, 'rahul29': 300, 'hanby': 9, 'nkouk': 16, 'gounley1_med116_mde': 64, 'bharathrn': 23, 'sauetest': 6, 'aflorenzon': 4, 'mpetersen': 4}"
3022802,378107.0,2025-02-07 13:40:29,2025-02-07 13:46:56,44,9720,3482,0.921875,0.9921875,0.9720982142857143,"{'tpaul': 64, 'kmonika': 8, 'emin': 64, 'rahul29': 606, 'skhatua': 512, 'kayahan': 3072, 'lzhang23': 1936, 'chulwoo': 16, 'lhatashita3': 32, 'kgoc': 40, 'kakkapriyesh': 5, 'mlynch': 324, 'dvelascogonzalez': 256, 'matitov': 256, 'halx': 2, 'lukedaq': 95, 'pauljanson002': 2, 'monojoy': 8, 'dcl3nd': 2, 'walksloud': 12, 'arodas': 1950, 'tejasvaidhya': 64, 'sabrina.desoto': 72, 'keshprad': 64, 'wenchang': 4, 'aaryanbhagat': 64, 'irinarish': 64, 'cagonzal': 4, 'cuw': 4, 'hyuan': 80, 'txn5176': 10, 'feizaguirre': 24, 'mjseneca': 4, 'pinaster': 8, 'ncontini': 2, 'haoshen.yang': 2}","{'tpaul': 64, 'kmonika': 8, 'emin': 64, 'rahul29': 606, 'skhatua': 512, 'kayahan': 3072, 'lzhang23': 1936, 'chulwoo': 16, 'mlynch': 324, 'dvelascogonzalez': 256, 'matitov': 256, 'lukedaq': 95, 'pauljanson002': 2, 'monojoy': 8, 'walksloud': 12, 'arodas': 1950, 'tejasvaidhya': 64, 'sabrina.desoto': 72, 'keshprad': 64, 'aaryanbhagat': 64, 'irinarish': 64, 'cagonzal': 4, 'cuw': 4, 'hyuan': 80, 'txn5176': 10, 'feizaguirre': 24, 'pinaster': 8, 'ncontini': 2, 'haoshen.yang': 2}"
3004091,450764.6,2025-02-05 13:26:44,2025-02-05 13:52:36,81,9714,3619,1.3046875,2.0546875,1.7976831896551724,"{'kmonika': 8, 'emin': 64, 'rahul29': 200, 'tajinder': 4, 'pauljanson002': 42, 'syamamoto': 6, 'lhatashita3': 32, 'nichols': 0, 'mlynch': 1944, 'nkaaz': 6, 'jdtun': 1920, 'fzabaleta': 184, 'sauetest': 500, 'tpatinya': 0, 'mdesco': 12, 'mbuehlmann': 512, 'sneopane': 234, 'sudip002': 4, 'ljin': 32, 'pnathan6': 4, 'heehw': 28, 'cuw': 4, 'kgoc': 40, 'keshprad': 192, 'junqi': 16, 'thickling': 28, 'kringel': 64, 'dcl3nd': 4, 'hyuan': 30, 'pinaster': 20, 'maxidalinger': 6, 'arodas': 12, 'handih': 12, 'nshineman': 4, 'thomasmalkus': 7, 'jfiller4_stf043_mde': 74, 'rjmorelock': 4, 'jschuchart': 4, 'jarrahia': 24}","{'emin': 64, 'rahul29': 200, 'tajinder': 4, 'pauljanson002': 24, 'nichols': 0, 'mlynch': 1944, 'nkaaz': 6, 'jdtun': 1920, 'fzabaleta': 184, 'sauetest': 500, 'tpatinya': 0, 'mdesco': 12, 'mbuehlmann': 512, 'sneopane': 234, 'sudip002': 4, 'ljin': 32, 'pnathan6': 4, 'heehw': 28, 'cuw': 4, 'kgoc': 40, 'keshprad': 192, 'junqi': 16, 'thickling': 28, 'kringel': 64, 'hyuan': 30, 'pinaster': 20, 'maxidalinger': 6, 'arodas': 12, 'handih': 6, 'nshineman': 4, 'thomasmalkus': 7, 'jfiller4_stf043_mde': 64, 'rjmorelock': 2, 'jschuchart': 4, 'jarrahia': 24}"
3000589,374826.9,2025-02-04 12:02:39,2025-02-04 12:23:31,258,9702,2846,1.234375,1.3671875,1.3291440217391304,"{'tpaul': 128, 'emin': 64, 'kmonika': 8, 'lzhang23': 968, 'antonka': 30, 'yanfei': 1184, 'dvelascogonzalez': 256, 'mdesco': 12, 'rayasare': 211, 'rahul29': 100, 'nkaaz': 2, 'vaibhav_016': 64, 'mpw2': 162, 'pauljanson002': 10, 'mlynch': 1944, 'blackst': 32, 'cuw': 8, 'syamamoto': 6, 'hmwoods': 96, 'dsambit': 250, 'spancer': 50, 'detar': 256, 'mpetersen': 288, 'phdias': 40, 'ozier': 2, 'fzabaleta': 460, 'etjohnson': 12, 'tmaier': 200, 'tsatta': 10, 'hyk1997': 32, 'spencermoore': 95, 'langx': 2, 'rolchigo': 4, 'abdulg': 216, 'kartickr': 45, 'tpatinya': 0, 'monojoy': 10, 'maxidalinger': 26, 'dcl3nd': 40, 'tdk23': 124, 'chulwoo': 288, 'wendyrw': 2, 'tps': 32, 'junqi': 8, 'ymshi': 286, 'mjankous': 100, 'ylan': 56, 'kurihana': 3, 'polunma': 0, 'arodas': 4, 'keshprad': 192, 'kringel': 16, 'maccarthy': 4, 'jyc': 4}","{'tpaul': 128, 'emin': 64, 'lzhang23': 968, 'antonka': 30, 'yanfei': 1184, 'dvelascogonzalez': 256, 'mdesco': 12, 'rayasare': 211, 'rahul29': 100, 'nkaaz': 2, 'vaibhav_016': 32, 'mpw2': 162, 'pauljanson002': 6, 'mlynch': 1944, 'blackst': 32, 'cuw': 8, 'hmwoods': 96, 'dsambit': 250, 'spancer': 50, 'detar': 256, 'mpetersen': 288, 'phdias': 40, 'fzabaleta': 460, 'etjohnson': 12, 'tmaier': 200, 'tsatta': 10, 'hyk1997': 16, 'spencermoore': 95, 'rolchigo': 4, 'abdulg': 216, 'kartickr': 45, 'tpatinya': 0, 'monojoy': 10, 'maxidalinger': 16, 'dcl3nd': 40, 'tdk23': 68, 'chulwoo': 288, 'wendyrw': 2, 'tps': 32, 'junqi': 8, 'ymshi': 228, 'mjankous': 100, 'ylan': 56, 'kurihana': 3, 'polunma': 0, 'arodas': 4, 'keshprad': 192, 'kringel': 16, 'maccarthy': 4, 'jyc': 4}"
3026991,382262.7,2025-02-09 12:26:35,2025-02-09 12:33:06,36,9730,4263,0.9453125,1.0078125,0.9894301470588235,"{'wangli': 2055, 'rzamora_med126_mde': 128, 'phillipg': 0, 'rmaqdisi': 184, 'ngoav': 200, 'emin': 64, 'gopeshh': 32, 'vishalsu': 64, 'lzhang23': 968, 'kavanase': 16, 'kakkapriyesh': 5, 'mdesco': 12, 'pauljanson002': 6, 'sudip002': 4, 'sohailt': 100, 'yanfei': 1184, 'tmaier': 200, 'wendyrw': 128, 'rayasare': 943, 'wenchang': 4, 'boneill': 128, 'vaibhav_016': 32, 'tejasvaidhya': 64, 'irinarish': 64, 'arodas': 1920, 'dsambit': 150, 'maxidalinger': 10, 'txn5176': 10, 'aaryanbhagat': 64, 'sabrina.desoto': 72}","{'wangli': 2055, 'rzamora_med126_mde': 128, 'phillipg': 0, 'rmaqdisi': 184, 'ngoav': 200, 'emin': 64, 'gopeshh': 32, 'vishalsu': 64, 'lzhang23': 968, 'mdesco': 4, 'pauljanson002': 2, 'sudip002': 4, 'sohailt': 100, 'yanfei': 1184, 'tmaier': 200, 'wendyrw': 128, 'rayasare': 943, 'boneill': 128, 'tejasvaidhya': 64, 'irinarish': 64, 'arodas': 1920, 'dsambit': 150, 'txn5176': 5, 'aaryanbhagat': 64, 'sabrina.desoto': 72}"
2899894,449369.89999999997,2025-01-01 12:23:16,2025-01-01 12:30:54,53,9654,4239,0.953125,1.0078125,0.9839154411764706,"{'aclark20': 250, 'sreejith': 96, 'jubchoi': 128, 'ozier': 512, 'rajan1': 432, 'reeceneff': 736, 'bukjoh': 226, 'margaridarosa': 57, 'rmaqdisi': 184, 'vaibhav_016': 64, 'emin': 64, 'xiaox': 6000, 'sshanka': 48, 'cemily': 66, 'tejasvaidhya': 64, 'mdesco': 56, 'jkirchen': 128, 'diegog': 32, 'g7h': 20, 'debk': 224, 'walksloud': 12, 'aaryanbhagat': 32, 'pinaster': 16, 'bikash': 25, 'keshprad': 208, 'cagonzal': 2, 'soumakb': 32, 'pyeung': 4, 'rhankins': 2}","{'aclark20': 250, 'sreejith': 96, 'jubchoi': 128, 'ozier': 512, 'rajan1': 432, 'reeceneff': 736, 'bukjoh': 210, 'margaridarosa': 57, 'rmaqdisi': 184, 'vaibhav_016': 32, 'emin': 64, 'xiaox': 6000, 'sshanka': 40, 'cemily': 66, 'tejasvaidhya': 64, 'mdesco': 36, 'jkirchen': 128, 'g7h': 20, 'debk': 224, 'aaryanbhagat': 32, 'pinaster': 16, 'bikash': 25, 'keshprad': 208, 'cagonzal': 2, 'soumakb': 32, 'pyeung': 4}"
2897781,379177.0,2024-12-31 01:40:16,2024-12-31 01:46:45,36,9696,1294,0.8515625,0.9921875,0.9190340909090909,"{'hyk1997': 0, 'istabrak': 32, 'dmandelli': 1024, 'sreejith': 96, 'apbhati': 6251, 'rahul29': 200, 'pinillar': 256, 'vaibhav_016': 32, 'vishalsu': 32, 'ayushkaushal': 64, 'omaralvarenga1': 2, 'njain17': 16, 'mdesco': 28, 'cuw': 3, 'heehw': 4, 'chulwoo': 2, 'yicheng': 4, 'fagbemisa': 2, 'kurihana': 24, 'nmandell': 8, 'sonchac': 8, 'lrknox': 2, 'jubchoi': 2, 'acmetest': 4, 'txn5176': 60, 'gourabp': 4}","{'hyk1997': 0, 'istabrak': 32, 'dmandelli': 1024, 'sreejith': 96, 'apbhati': 6251, 'rahul29': 200, 'pinillar': 256, 'vaibhav_016': 32, 'ayushkaushal': 64, 'omaralvarenga1': 2, 'njain17': 16, 'mdesco': 24, 'heehw': 4, 'yicheng': 4, 'kurihana': 24, 'nmandell': 8, 'sonchac': 8, 'lrknox': 2, 'jubchoi': 2, 'acmetest': 4, 'txn5176': 60, 'gourabp': 4}"
2901827,370239.7,2025-01-02 12:53:20,2025-01-02 12:59:41,91,9707,1576,0.9765625,1.046875,1.0120192307692308,"{'rzamora_med126_mde': 192, 'kayahan': 1536, 'skhatua': 256, 'phillipg': 1344, 'htchen': 110, 'amalbavera': 512, 'sreejith': 192, 'hyk1997': 824, 'jubchoi': 128, 'ridul': 896, 'g7h': 40, 'lisayujingwei': 600, 'rahul29': 402, 'jyw': 324, 'lcheung': 200, 'margaridarosa': 57, 'htv2008': 432, 'vaibhav_016': 96, 'isriva': 512, 'aaryanbhagat': 48, 'tejasvaidhya': 96, 'sshanka': 72, 'nizar17': 64, 'sschnauck': 96, 'bukjoh': 13, 'syamamoto': 2, 'hsu_andy': 240, 'ayushkaushal': 96, 'cuw': 7, 'tmaier': 100, 'chulwoo': 2, 'mjseneca': 10, 'mdesco': 20, 'keshprad': 80, 'bikash': 50, 'abdulg': 144, 'sneopane': 3, 'gopeshh': 6, 'jmgonza': 4, 'hyuan': 20, 'cemily': 16, 'debk': 224, 'tccleve': 2, 'istabrak': 2, 'itopcuog': 12, 'pyeung': 4}","{'rzamora_med126_mde': 192, 'kayahan': 1536, 'skhatua': 256, 'phillipg': 1344, 'htchen': 110, 'amalbavera': 512, 'sreejith': 192, 'hyk1997': 824, 'jubchoi': 128, 'ridul': 896, 'g7h': 40, 'lisayujingwei': 600, 'rahul29': 402, 'jyw': 324, 'lcheung': 200, 'margaridarosa': 57, 'htv2008': 432, 'vaibhav_016': 96, 'isriva': 512, 'aaryanbhagat': 32, 'tejasvaidhya': 96, 'sshanka': 64, 'nizar17': 64, 'sschnauck': 96, 'hsu_andy': 240, 'ayushkaushal': 96, 'cuw': 7, 'tmaier': 100, 'mjseneca': 10, 'mdesco': 16, 'keshprad': 80, 'bikash': 50, 'abdulg': 144, 'gopeshh': 6, 'jmgonza': 4, 'hyuan': 20, 'cemily': 16, 'debk': 224, 'itopcuog': 12, 'pyeung': 4}"
2963018,511026.6,2025-01-22 08:54:07,2025-01-22 09:02:48,61,9651,3957,0.9296875,1.0234375,0.974365234375,"{'nizar17': 16, 'emin': 64, 'ngoav': 200, 'kgoc': 40, 'sshanka': 40, 'sschnauck': 56, 'mdriemer': 64, 'jyw': 60, 'heehw': 32, 'lzhang23': 968, 'etjohnson': 12, 'rahul29': 500, 'skhatua': 256, 'mlynch': 324, 'nkaaz': 4, 'syamamoto': 2, 'zcshr0863': 96, 'shku': 0, 'istabrak': 64, 'wolf': 180, 'jimyzhan': 120, 'vaibhav_016': 32, 'maxidalinger': 10, 'keshprad': 272, 'debk': 3857, 'mjseneca': 10, 'rjmorelock': 63, 'mdesco': 10, 'aaryanbhagat': 64, 'kurihana': 2, 'kjung': 80, 'irinarish': 64, 'sauetest': 3, 'tejasvaidhya': 64, 'lauraharbach': 4, 'rhankins': 32}","{'emin': 64, 'ngoav': 200, 'kgoc': 40, 'sshanka': 40, 'sschnauck': 56, 'mdriemer': 64, 'jyw': 60, 'heehw': 32, 'lzhang23': 968, 'etjohnson': 12, 'rahul29': 500, 'skhatua': 256, 'mlynch': 324, 'nkaaz': 2, 'syamamoto': 2, 'zcshr0863': 96, 'shku': 0, 'istabrak': 64, 'wolf': 180, 'jimyzhan': 120, 'vaibhav_016': 32, 'maxidalinger': 10, 'keshprad': 272, 'debk': 3857, 'rjmorelock': 63, 'mdesco': 10, 'aaryanbhagat': 64, 'kurihana': 2, 'kjung': 80, 'irinarish': 64, 'sauetest': 3, 'tejasvaidhya': 64, 'lauraharbach': 2, 'rhankins': 32}"
2898731,445587.0,2024-12-31 13:27:10,2024-12-31 13:34:47,24,9735,2481,0.890625,0.9921875,0.969140625,"{'jgeiping': 512, 'htchen': 972, 'istabrak': 32, 'g7h': 7830, 'pratherb': 20, 'vaibhav_016': 32, 'htv2008': 108, 'njain17': 16, 'nizar17': 64, 'bukjoh': 13, 'cuw': 3, 'chulwoo': 4, 'fikret': 4, 'aaryanbhagat': 16, 'mdesco': 4, 'keshprad': 64, 'cql0536': 4, 'jfiller4': 35, 'cagonzal': 2, 'irl1': 4}","{'jgeiping': 512, 'htchen': 972, 'istabrak': 32, 'g7h': 7830, 'vaibhav_016': 32, 'htv2008': 108, 'nizar17': 64, 'chulwoo': 2, 'aaryanbhagat': 16, 'keshprad': 64, 'cql0536': 4, 'jfiller4': 35, 'cagonzal': 2, 'irl1': 4}"
2932291,478532.0,2025-01-13 00:58:57,2025-01-13 01:07:14,43,9502,7863,0.921875,1.0546875,0.96826171875,"{'skhatua': 768, 'amalbavera': 1024, 'sohailt': 100, 'rahul29': 300, 'zingale': 32, 'vwslz': 0, 'emin': 64, 'kgoc': 40, 'jyw': 102, 'jubchoi': 64, 'xiaox': 1000, 'lehner': 512, 'sshanka': 24, 'omaralvarenga1': 12, 'asthana': 16, 'debk': 3741, 'sschnauck': 32, 'wendyrw': 3, 'mrieth': 16, 'tjelly': 240, 'mvansch': 8, 'istabrak': 64, 'maxidalinger': 10, 'mdesco': 8, 'txn5176': 60, 'cdutra': 18, 'keshprad': 80, 'lian7': 2, 'acmetest': 2, 'daludot': 256, 'cemily': 22}","{'skhatua': 768, 'amalbavera': 1024, 'sohailt': 100, 'rahul29': 300, 'zingale': 32, 'vwslz': 0, 'emin': 64, 'kgoc': 40, 'jyw': 102, 'jubchoi': 64, 'xiaox': 1000, 'lehner': 512, 'sshanka': 24, 'omaralvarenga1': 12, 'debk': 3741, 'sschnauck': 32, 'mrieth': 16, 'tjelly': 240, 'mvansch': 8, 'istabrak': 64, 'mdesco': 8, 'txn5176': 60, 'cdutra': 18, 'keshprad': 80, 'lian7': 2, 'acmetest': 2, 'daludot': 256}"
2972308,394290.0,2025-01-24 16:53:36,2025-01-24 17:00:41,81,9677,3482,1.0,1.1171875,1.0298549107142858,"{'kgoc': 40, 'emin': 64, 'gopeshh': 32, 'nickmdav': 92, 'sschnauck': 178, 'aaryanbhagat': 128, 'irinarish': 144, 'tejasvaidhya': 176, 'tejasexpress': 96, 'jyw': 60, 'matitov': 32, 'rajan1': 1296, 'fikret': 4, 'junsik': 864, 'mdesco': 6, 'eromero': 505, 'skhatua': 512, 'rahul29': 200, 'mlynch': 324, 'kakkapriyesh': 10, 'revanathan': 128, 'heehw': 16, 'emsi': 9, 'ddv0': 24, 'sshanka': 80, 'mjseneca': 14, 'sauetest': 500, 'keshprad': 40, 'leonotis': 32, 'shalinijr': 6, 'zcshr0863': 96, 'lukedaq': 48, 'vaibhav_016': 32, 'tjelly': 270, 'tmaier': 2000, 'tpatinya': 0, 'junqi': 4, 'khalids': 16, 'istabrak': 32, 'kurihana': 8, 'shku': 48, 'wuda': 8, 'haoshen.yang': 4, 'hsu_andy': 16, 'rosendod': 2, 'ebelli': 4, 'sabrina.desoto': 3}","{'kgoc': 40, 'emin': 64, 'nickmdav': 92, 'sschnauck': 178, 'aaryanbhagat': 128, 'irinarish': 144, 'tejasvaidhya': 176, 'tejasexpress': 96, 'jyw': 60, 'matitov': 32, 'rajan1': 1296, 'junsik': 864, 'mdesco': 4, 'eromero': 505, 'skhatua': 512, 'rahul29': 200, 'mlynch': 324, 'kakkapriyesh': 5, 'revanathan': 128, 'heehw': 16, 'emsi': 9, 'ddv0': 24, 'sshanka': 80, 'mjseneca': 14, 'sauetest': 500, 'keshprad': 40, 'leonotis': 32, 'shalinijr': 2, 'zcshr0863': 96, 'lukedaq': 48, 'tjelly': 270, 'tmaier': 2000, 'tpatinya': 0, 'junqi': 4, 'khalids': 16, 'istabrak': 32, 'kurihana': 6, 'shku': 48, 'wuda': 8, 'haoshen.yang': 4, 'hsu_andy': 16, 'rosendod': 2, 'sabrina.desoto': 3}"
2932596,424409.0,2025-01-13 08:12:35,2025-01-13 08:20:31,36,9571,7984,0.953125,0.9921875,0.974609375,"{'rahul29': 800, 'vwslz': 0, 'emin': 64, 'rajan1': 432, 'junsik': 432, 'hhcorzo': 210, 'nizar17': 32, 'nickmdav': 92, 'mliska': 32, 'jdtun': 750, 'sshanka': 16, 'skhatua': 256, 'cliu1': 96, 'rayasare': 1393, 'ozier': 4, 'wendyrw': 3, 'walksloud': 12, 'g7h': 20, 'zhangp': 4, 'mjseneca': 10, 'sschnauck': 16, 'istabrak': 32, 'bikash': 300, 'debk': 3357, 'lhatashita3': 2, 'arasdogan': 4, 'keshprad': 176, 'antonz': 2}","{'rahul29': 800, 'vwslz': 0, 'emin': 64, 'rajan1': 432, 'junsik': 432, 'hhcorzo': 210, 'nizar17': 32, 'nickmdav': 92, 'jdtun': 750, 'sshanka': 16, 'skhatua': 256, 'cliu1': 96, 'rayasare': 1393, 'g7h': 20, 'mjseneca': 10, 'sschnauck': 16, 'istabrak': 32, 'bikash': 300, 'debk': 3357, 'lhatashita3': 2, 'arasdogan': 4, 'keshprad': 176}"
2930541,477015.5,2025-01-11 16:02:20,2025-01-11 16:10:27,36,9647,4157,0.8515625,1.0078125,0.95703125,"{'emin': 64, 'chulwoo': 16, 'vaibhav_016': 32, 'kgoc': 40, 'sshanka': 8, 'bukjoh': 3, 'debk': 3357, 'mlynch': 5832, 'fikret': 4, 'mjseneca': 10, 'wendyrw': 3, 'scf2157': 8, 'walksloud': 12, 'nizar17': 32, 'keshprad': 104, 'wans': 18, 'tmaier': 100, 'mhategan': 10, 'lhatashita3': 2}","{'emin': 64, 'vaibhav_016': 32, 'kgoc': 40, 'sshanka': 8, 'debk': 3357, 'mlynch': 5832, 'scf2157': 8, 'walksloud': 12, 'nizar17': 32, 'keshprad': 104, 'wans': 18, 'tmaier': 100, 'mhategan': 10, 'lhatashita3': 2}"
2929699,449636.9,2025-01-11 08:09:39,2025-01-11 08:17:18,37,9572,5245,0.921875,1.234375,0.9596656976744186,"{'rahul29': 400, 'zingale': 32, 'pgrete': 1068, 'emin': 64, 'istabrak': 64, 'sshanka': 24, 'priebe': 240, 'ridul': 128, 'rajan1': 432, 'kgoc': 40, 'sschnauck': 32, 'heehw': 48, 'brhillman': 2058, 'shku': 0, 'antonka': 10, 'mjankous': 64, 'yifanc': 20, 'walksloud': 12, 'g7h': 20, 'sauetest': 500, 'debk': 1980, 'maxidalinger': 10, 'ayushkaushal': 64, 'tmaier': 100, 'keshprad': 96, 'aaryanbhagat': 64}","{'rahul29': 400, 'zingale': 32, 'pgrete': 1068, 'emin': 64, 'istabrak': 64, 'sshanka': 24, 'priebe': 240, 'ridul': 128, 'rajan1': 432, 'kgoc': 40, 'sschnauck': 32, 'heehw': 48, 'brhillman': 2058, 'shku': 0, 'mjankous': 64, 'yifanc': 20, 'g7h': 20, 'sauetest': 500, 'debk': 1980, 'maxidalinger': 10, 'ayushkaushal': 64, 'tmaier': 100, 'keshprad': 96, 'aaryanbhagat': 64}"
2965738,307166.5,2025-01-23 00:16:02,2025-01-23 00:21:17,123,9705,3231,0.953125,1.0546875,0.9810697115384616,"{'nizar17': 16, 'wilson': 320, 'rzamora_med126_mde': 128, 'kgoc': 40, 'sshanka': 72, 'mdriemer': 64, 'ddoshi': 32, 'hyk1997': 8, 'sschnauck': 264, 'heehw': 80, 'jkirchen': 64, 'fzabaleta': 250, 'jasirign': 15, 'nkaaz': 4, 'syamamoto': 2, 'eromero': 5054, 'rahul29': 135, 'g7h': 92, 'chulwoo': 4, 'mjseneca': 24, 'aaryanbhagat': 176, 'irinarish': 176, 'tejasvaidhya': 112, 'tejasexpress': 176, 'tmaier': 100, 'keshprad': 328, 'lisayujingwei': 480, 'vaibhav_016': 32, 'jfiller4': 64, 'sokyay': 118, 'langx': 4, 'mpw2': 240, 'adithyaraman95': 64, 'asthana': 5, 'jmgonza': 50, 'kartickr': 60, 'kakkapriyesh': 10, 'debk': 500, 'mdesco': 8, 'ridul': 40, 'cagonzal': 4, 'ljh5914': 8, 'jdtun': 200, 'cmaffo': 6, 'mrieth': 64, 'micholas': 4, 'maxidalinger': 10, 'sauetest': 3, 'glaser': 256}","{'wilson': 320, 'rzamora_med126_mde': 128, 'kgoc': 40, 'sshanka': 40, 'mdriemer': 64, 'hyk1997': 8, 'sschnauck': 192, 'heehw': 64, 'jkirchen': 64, 'fzabaleta': 245, 'nkaaz': 4, 'eromero': 5054, 'rahul29': 135, 'g7h': 92, 'mjseneca': 24, 'aaryanbhagat': 128, 'irinarish': 176, 'tejasvaidhya': 96, 'tejasexpress': 160, 'tmaier': 100, 'keshprad': 312, 'lisayujingwei': 480, 'vaibhav_016': 32, 'jfiller4': 64, 'sokyay': 118, 'langx': 4, 'mpw2': 240, 'adithyaraman95': 64, 'asthana': 5, 'jmgonza': 50, 'kartickr': 36, 'debk': 500, 'mdesco': 4, 'ljh5914': 8, 'jdtun': 200, 'cmaffo': 3, 'mrieth': 64, 'micholas': 2, 'maxidalinger': 10, 'sauetest': 3, 'glaser': 256}"
2929244,375145.8,2025-01-11 00:33:05,2025-01-11 00:39:29,38,9711,4751,0.8671875,0.9921875,0.9767680921052632,"{'emin': 64, 'istabrak': 66, 'sschnauck': 16, 'sshanka': 32, 'jyw': 102, 'gopeshh': 32, 'bukjoh': 15, 'cw_tan': 16, 'debk': 3357, 'wendyrw': 3, 'rayasare': 4920, 'g7h': 20, 'yifanc': 30, 'cdutra': 54, 'maxidalinger': 20, 'aflorenzon': 64, 'mpw2': 3, 'ahmed97': 650, 'xyan11': 2, 'tdk23': 8, 'detar': 32, 'keshprad': 64, 'tejasexpress': 32, 'ayushkaushal': 64, 'jdtun': 50, 'acmetest': 2}","{'emin': 64, 'istabrak': 66, 'sschnauck': 16, 'sshanka': 32, 'jyw': 102, 'gopeshh': 32, 'debk': 3357, 'rayasare': 4920, 'g7h': 20, 'yifanc': 30, 'cdutra': 54, 'maxidalinger': 20, 'aflorenzon': 64, 'ahmed97': 650, 'xyan11': 2, 'tdk23': 8, 'detar': 32, 'keshprad': 64, 'tejasexpress': 32, 'ayushkaushal': 64, 'jdtun': 50, 'acmetest': 2}"
2936304,373509.9,2025-01-16 02:12:29,2025-01-16 02:18:55,50,9474,1574,1.3046875,1.4296875,1.3665865384615385,"{'skhatua': 256, 'sshanka': 16, 'sschnauck': 48, 'ywen': 16, 'khalids': 128, 'jkirchen': 128, 'sauetest': 3000, 'rjmorelock': 45, 'keshprad': 416, 'hyuan': 20, 'lhatashita3': 32, 'tmaier': 100, 'sneopane': 216, 'ymshi': 8, 'brhillman': 2058, 'ebelli': 2304, 'mdesco': 2, 'aflorenzon': 64, 'rhankins': 0, 'maxidalinger': 10}","{'skhatua': 256, 'sshanka': 8, 'sschnauck': 48, 'ywen': 16, 'khalids': 128, 'jkirchen': 128, 'sauetest': 3000, 'rjmorelock': 45, 'keshprad': 408, 'hyuan': 20, 'lhatashita3': 32, 'tmaier': 100, 'sneopane': 216, 'ymshi': 8, 'brhillman': 2058, 'ebelli': 2304, 'aflorenzon': 64, 'rhankins': 0, 'maxidalinger': 10}"
2931189,368509.5,2025-01-12 00:08:30,2025-01-12 00:14:49,40,9703,5629,0.859375,1.25,1.1819444444444445,"{'vwslz': 0, 'emin': 64, 'junsik': 864, 'kgoc': 40, 'jyw': 108, 'margaridarosa': 57, 'jkirchen': 128, 'heehw': 16, '1eh': 2400, 'bukjoh': 19, 'revanathan': 128, 'sshanka': 16, 'yifanc': 10, 'debk': 1980, 'hervedtx': 625, 'rayasare': 2460, 'mjseneca': 10, 'wendyrw': 3, 'antonka': 10, 'ywen': 16, 'fikret': 4, 'asthana': 16, 'walksloud': 12, 'ozier': 4, 'wangvsa': 600, 'sbistany': 10, 'ayushkaushal': 64, 'priebe': 45, 'aflorenzon': 32, 'nizar17': 32, 'mdesco': 4, 'acmetest': 2, 'mrieth': 16, 'keshprad': 96, 'lian7': 4}","{'vwslz': 0, 'emin': 64, 'junsik': 864, 'kgoc': 40, 'jyw': 108, 'margaridarosa': 57, 'jkirchen': 128, 'heehw': 16, '1eh': 2400, 'revanathan': 128, 'sshanka': 16, 'yifanc': 10, 'debk': 1980, 'hervedtx': 625, 'rayasare': 2460, 'mjseneca': 10, 'ywen': 16, 'fikret': 4, 'walksloud': 12, 'wangvsa': 600, 'sbistany': 10, 'ayushkaushal': 64, 'priebe': 45, 'aflorenzon': 32, 'nizar17': 32, 'mdesco': 4, 'mrieth': 16, 'keshprad': 96}"
2931392,366964.3,2025-01-12 08:03:04,2025-01-12 08:09:20,43,9561,5168,1.0,1.109375,1.0818452380952381,"{'pmoesta': 0, 'sohailt': 8, 'dmandelli': 1024, 'emin': 64, 'priebe': 360, 'kgoc': 40, 'sschnauck': 48, 'margaridarosa': 57, 'jkirchen': 128, 'jubchoi': 64, 'heehw': 48, 'sshanka': 16, 'xiaox': 48, 'wendyrw': 3, 'debk': 3357, 'antonka': 10, 'shku': 0, 'fikret': 4, 'ozier': 4, 'omaralvarenga1': 12, 'leonotis': 32, 'g7h': 20, 'sauetest': 2000, 'maxidalinger': 10, 'ayushkaushal': 64, 'nizar17': 32, 'hervedtx': 24, 'keshprad': 96}","{'pmoesta': 0, 'sohailt': 8, 'dmandelli': 1024, 'emin': 64, 'priebe': 360, 'kgoc': 40, 'sschnauck': 48, 'margaridarosa': 57, 'jkirchen': 128, 'jubchoi': 64, 'heehw': 32, 'sshanka': 16, 'xiaox': 32, 'debk': 3357, 'shku': 0, 'fikret': 4, 'omaralvarenga1': 12, 'leonotis': 32, 'g7h': 20, 'sauetest': 2000, 'maxidalinger': 10, 'ayushkaushal': 64, 'nizar17': 32, 'hervedtx': 18, 'keshprad': 96}"
2917974,443494.6,2025-01-07 13:45:28,2025-01-07 13:53:02,49,9600,4391,0.671875,0.9921875,0.9542100694444444,"{'g7h': 40, 'rahul29': 200, 'vaibhav_016': 32, 'priebe': 120, 'cw_tan': 16, 'mjseneca': 20, 'cuw': 4, 'wenchang': 16, 'syamamoto': 2, 'wans': 5921, 'mlynch': 1944, 'bukjoh': 5, 'bikash': 300, 'ozier': 4, 'rjmorelock': 8, 'keshprad': 160, 'maxidalinger': 6, 'tejasvaidhya': 32, 'jahatef': 2, 'pmoesta': 8, 'cagonzal': 3, 'jfiller4': 27, 'ayushkaushal': 64, 'sshanka': 72, 'debk': 224, 'langx': 2, 'istabrak': 32, 'mayanka_med116_mde': 92, 'grnydawn': 4, 'gopeshh': 4, 'irinarish': 64, 'aaryanbhagat': 64, 'sajaldash': 2, 'tps': 64, 'dean316': 8, 'tejasexpress': 32, 'heehw': 6, 'miservilla': 2}","{'g7h': 40, 'rahul29': 200, 'vaibhav_016': 32, 'priebe': 120, 'mjseneca': 10, 'cuw': 4, 'syamamoto': 2, 'wans': 5921, 'mlynch': 1944, 'bikash': 300, 'ozier': 4, 'rjmorelock': 8, 'keshprad': 160, 'maxidalinger': 6, 'tejasvaidhya': 32, 'jahatef': 2, 'pmoesta': 8, 'cagonzal': 3, 'jfiller4': 27, 'ayushkaushal': 64, 'sshanka': 72, 'debk': 224, 'istabrak': 32, 'mayanka_med116_mde': 92, 'grnydawn': 4, 'gopeshh': 4, 'irinarish': 64, 'aaryanbhagat': 64, 'sajaldash': 2, 'tps': 64, 'dean316': 8, 'tejasexpress': 32, 'heehw': 6, 'miservilla': 2}"
2904130,469836.8,2025-01-03 12:20:03,2025-01-03 12:28:06,56,9737,4017,0.859375,1.046875,0.987548828125,"{'brantr': 0, 'dfielding': 0, 'vaibhav_016': 32, 'sneopane': 3456, 'emin': 64, 'jkirchen': 128, 'sshanka': 16, 'istabrak': 64, 'bukjoh': 20, 'asthana': 38, 'mdesco': 8, 'hsu_andy': 10, 'leonotis': 16, 'omaralvarenga1': 2, 'abdulg': 144, 'chulwoo': 2, 'debk': 224, 'irl1': 2000, 'jfiller4': 64, 'aaryanbhagat': 32, 'yicheng': 2, 'cuw': 9, 'irinarish': 32, 'maxidalinger': 10, 'palashmr': 64, 'ayushkaushal': 64, 'shku': 8, 'keshprad': 72, 'priebe': 120, 'cagonzal': 2, 'glaser': 8, 'bikash': 3, 'tejasvaidhya': 32, 'tps': 32, 'antonz': 2}","{'brantr': 0, 'dfielding': 0, 'vaibhav_016': 32, 'sneopane': 3456, 'emin': 64, 'jkirchen': 128, 'sshanka': 16, 'istabrak': 32, 'asthana': 12, 'mdesco': 4, 'leonotis': 16, 'omaralvarenga1': 2, 'abdulg': 144, 'debk': 224, 'irl1': 2000, 'jfiller4': 64, 'aaryanbhagat': 32, 'irinarish': 32, 'maxidalinger': 10, 'palashmr': 64, 'ayushkaushal': 64, 'shku': 4, 'keshprad': 40, 'priebe': 120, 'glaser': 8, 'bikash': 3, 'tejasvaidhya': 32, 'tps': 32}"
2907249,388947.2,2025-01-04 12:02:59,2025-01-04 12:09:38,65,9610,5596,0.8828125,1.0703125,1.0276041666666667,"{'skhatua': 256, 'zingale': 256, 'htchen': 702, 'sreejith': 192, 'wilson': 320, 'mliska': 864, 'pratherb': 329, 'vaibhav_016': 32, 'pgrete': 1068, 'jkirchen': 128, 'ridul': 704, 'ayushkaushal': 64, 'vishalsu': 32, 'jyw': 216, 'sshanka': 88, 'junsik': 432, 'g7h': 500, 'omaralvarenga1': 2, 'irinarish': 128, 'aaryanbhagat': 32, 'bikash': 303, 'lukedaq': 95, 'priebe': 120, 'gopeshh': 34, 'mdesco': 8, 'pschoenh': 96, 'zcshr0863': 96, 'mlynch': 2106, 'fikret': 4, 'cemily': 33, 'cuw': 4, 'cw_tan': 16, 'jimyzhan': 36, 'istabrak': 32, 'debk': 224, 'glaser': 128, 'jgeiping': 128, 'keshprad': 256, 'sergeygalitskiy': 80}","{'skhatua': 256, 'zingale': 256, 'htchen': 702, 'sreejith': 192, 'wilson': 320, 'mliska': 864, 'pratherb': 329, 'vaibhav_016': 32, 'pgrete': 1068, 'jkirchen': 128, 'ridul': 704, 'ayushkaushal': 64, 'vishalsu': 32, 'jyw': 216, 'sshanka': 88, 'junsik': 432, 'g7h': 500, 'omaralvarenga1': 2, 'irinarish': 128, 'aaryanbhagat': 32, 'bikash': 300, 'lukedaq': 95, 'priebe': 120, 'gopeshh': 34, 'mdesco': 8, 'pschoenh': 96, 'zcshr0863': 96, 'mlynch': 2106, 'cemily': 33, 'jimyzhan': 36, 'istabrak': 32, 'debk': 224, 'glaser': 128, 'jgeiping': 128, 'keshprad': 256, 'sergeygalitskiy': 80}"
2923582,500828.8,2025-01-09 12:10:32,2025-01-09 12:19:54,50,9743,7715,0.9921875,1.1328125,1.103483606557377,"{'skhatua': 256, 'pmoesta': 0, 'rahul29': 200, 'priebe': 240, 'istabrak': 64, 'heehw': 16, 'kgoc': 40, 'mliska': 32, 'rayasare': 2460, 'arpans': 2304, 'fikret': 4, 'sshanka': 8, 'eslaught': 384, 'mjseneca': 10, 'hervedtx': 1518, 'chulwoo': 8, 'walksloud': 24, 'debk': 720, 'sauetest': 1000, 'lukedaq': 95, 'cuw': 4, 'aaryanbhagat': 64, 'sschnauck': 32, 'syamamoto': 2, 'anikat1': 2, 'dcl3nd': 2, 'muraligm': 2, 'tejasvaidhya': 32, 'aflorenzon': 128, 'tejasexpress': 32, 'langx': 2, 'mhawkins60': 2, 'kringel': 2, 'keshprad': 160, 'cdutra': 18}","{'skhatua': 256, 'pmoesta': 0, 'rahul29': 200, 'priebe': 240, 'istabrak': 64, 'heehw': 16, 'mliska': 32, 'rayasare': 2460, 'arpans': 2304, 'fikret': 4, 'sshanka': 8, 'eslaught': 384, 'hervedtx': 1518, 'debk': 720, 'sauetest': 1000, 'lukedaq': 95, 'cuw': 4, 'aaryanbhagat': 64, 'sschnauck': 32, 'tejasvaidhya': 32, 'aflorenzon': 128, 'tejasexpress': 32, 'mhawkins60': 2, 'kringel': 2, 'keshprad': 160, 'cdutra': 18}"
2920720,443790.39999999997,2025-01-08 21:28:59,2025-01-08 21:36:31,67,9578,4283,0.859375,0.9921875,0.9560267857142857,"{'pratherb': 829, 'rahul29': 200, 'ridul': 192, 'emin': 64, 'sshanka': 16, 'vaibhav_016': 64, 'sschnauck': 40, 'kgoc': 40, 'syamamoto': 2, 'aaryanbhagat': 80, 'tejasvaidhya': 32, 'rhankins': 0, 'heehw': 16, 'mjankous': 80, 'cw_tan': 16, 'jdtun': 800, 'g7h': 40, 'sauetest': 1500, 'cuw': 4, 'bukjoh': 5, 'keshprad': 64, 'hervedtx': 1518, 'walksloud': 12, 'zcshr0863': 96, 'dcl3nd': 2, 'jschuchart': 40, 'mullowne': 904, 'mjbrim': 1664, 'yifanc': 20, 'aflorenzon': 68, 'fikret': 4, 'taniafer': 4, 'kringel': 64, 'eslaught': 64, 'ymshi': 2, 'mjseneca': 14, 'jahatef': 2}","{'pratherb': 829, 'rahul29': 200, 'ridul': 192, 'emin': 64, 'sshanka': 8, 'vaibhav_016': 32, 'sschnauck': 32, 'kgoc': 40, 'aaryanbhagat': 80, 'tejasvaidhya': 32, 'rhankins': 0, 'heehw': 16, 'mjankous': 80, 'cw_tan': 16, 'jdtun': 800, 'g7h': 40, 'sauetest': 1500, 'bukjoh': 5, 'keshprad': 64, 'hervedtx': 1518, 'zcshr0863': 96, 'jschuchart': 32, 'mullowne': 880, 'mjbrim': 1664, 'yifanc': 20, 'aflorenzon': 64, 'fikret': 4, 'taniafer': 4, 'kringel': 64, 'eslaught': 64, 'mjseneca': 14}"
